{
  "hash": "11809e21",
  "configHash": "f051226a",
  "lockfileHash": "2a3cb92e",
  "browserHash": "b9107d0b",
  "optimized": {
    "@angular/cdk/bidi": {
      "src": "../../../../../../node_modules/@angular/cdk/fesm2022/bidi.mjs",
      "file": "@angular_cdk_bidi.js",
      "fileHash": "1650b20d",
      "needsInterop": false
    },
    "@angular/common": {
      "src": "../../../../../../node_modules/@angular/common/fesm2022/common.mjs",
      "file": "@angular_common.js",
      "fileHash": "fd324f30",
      "needsInterop": false
    },
    "@angular/core": {
      "src": "../../../../../../node_modules/@angular/core/fesm2022/core.mjs",
      "file": "@angular_core.js",
      "fileHash": "a5001b08",
      "needsInterop": false
    },
    "@angular/material/slide-toggle": {
      "src": "../../../../../../node_modules/@angular/material/fesm2022/slide-toggle.mjs",
      "file": "@angular_material_slide-toggle.js",
      "fileHash": "0cee2951",
      "needsInterop": false
    },
    "@angular/platform-browser": {
      "src": "../../../../../../node_modules/@angular/platform-browser/fesm2022/platform-browser.mjs",
      "file": "@angular_platform-browser.js",
      "fileHash": "b45c5ac6",
      "needsInterop": false
    },
    "@angular/router": {
      "src": "../../../../../../node_modules/@angular/router/fesm2022/router.mjs",
      "file": "@angular_router.js",
      "fileHash": "0c566b0d",
      "needsInterop": false
    },
    "@angular/forms": {
      "src": "../../../../../../node_modules/@angular/forms/fesm2022/forms.mjs",
      "file": "@angular_forms.js",
      "fileHash": "f247c9c0",
      "needsInterop": false
    }
  },
  "chunks": {
    "chunk-LM5HTJS6": {
      "file": "chunk-LM5HTJS6.js"
    },
    "chunk-X5DZLQ44": {
      "file": "chunk-X5DZLQ44.js"
    },
    "chunk-NQIRC4O3": {
      "file": "chunk-NQIRC4O3.js"
    },
    "chunk-SI6WNAF4": {
      "file": "chunk-SI6WNAF4.js"
    },
    "chunk-GW2BX3SE": {
      "file": "chunk-GW2BX3SE.js"
    }
  }
}